{
  "hash": "a5539a78",
  "browserHash": "8a6d1de4",
  "optimized": {
    "@angular/core": {
      "src": "../../../../../node_modules/@angular/core/fesm2022/core.mjs",
      "file": "@angular_core.js",
      "fileHash": "8664dbde",
      "needsInterop": false
    },
    "@angular/platform-browser": {
      "src": "../../../../../node_modules/@angular/platform-browser/fesm2022/platform-browser.mjs",
      "file": "@angular_platform-browser.js",
      "fileHash": "0019ec48",
      "needsInterop": false
    },
    "@angular/router": {
      "src": "../../../../../node_modules/@angular/router/fesm2022/router.mjs",
      "file": "@angular_router.js",
      "fileHash": "ade84e37",
      "needsInterop": false
    },
    "@angular/forms": {
      "src": "../../../../../node_modules/@angular/forms/fesm2022/forms.mjs",
      "file": "@angular_forms.js",
      "fileHash": "0e8f5196",
      "needsInterop": false
    },
    "@angular/common": {
      "src": "../../../../../node_modules/@angular/common/fesm2022/common.mjs",
      "file": "@angular_common.js",
      "fileHash": "7866e052",
      "needsInterop": false
    }
  },
  "chunks": {
    "chunk-VIUQSHAA": {
      "file": "chunk-VIUQSHAA.js"
    },
    "chunk-DTDPP5UO": {
      "file": "chunk-DTDPP5UO.js"
    },
    "chunk-GQV5CXXG": {
      "file": "chunk-GQV5CXXG.js"
    }
  }
}